export_url,redirect_status,destination,http_status,canonical,meta_robots,x_robots_tag,in_current_sitemap,clicks_from_home
https://teamtoner.co.nz/,308,https://www.teamtoner.co.nz/,200,https://www.teamtoner.co.nz,"index, follow | index, follow, max-image-preview:large",,True,0
https://teamtoner.co.nz/about,308,https://www.teamtoner.co.nz/about,200,https://www.teamtoner.co.nz/about,"index, follow | index, follow, max-image-preview:large",,True,1
https://teamtoner.co.nz/appraisal,308,https://www.teamtoner.co.nz/appraisal,200,https://www.teamtoner.co.nz/appraisal,"index, follow | index, follow, max-image-preview:large",,True,1
https://teamtoner.co.nz/contact,308,https://www.teamtoner.co.nz/contact,200,https://www.teamtoner.co.nz/contact,"index, follow | index, follow, max-image-preview:large",,True,1
https://teamtoner.co.nz/listings,308,https://www.teamtoner.co.nz/listings,200,https://www.teamtoner.co.nz/listings,"index, follow | index, follow, max-image-preview:large",,True,1
https://teamtoner.co.nz/listings/1-strachan-way-highbury,308,https://www.teamtoner.co.nz/listings/1-strachan-way-highbury,200,https://www.teamtoner.co.nz/listings/1-strachan-way-highbury,"index, follow | index, follow, max-image-preview:large",,True,2
https://teamtoner.co.nz/listings/10-antrim-place-hokowhitu,308,https://www.teamtoner.co.nz/listings/10-antrim-place-hokowhitu,200,https://www.teamtoner.co.nz/listings/10-antrim-place-hokowhitu,"index, follow | index, follow, max-image-preview:large",,True,2
https://teamtoner.co.nz/listings/10-hollows-crescent-takaro,308,https://www.teamtoner.co.nz/listings/10-hollows-crescent-takaro,200,https://www.teamtoner.co.nz/listings/10-hollows-crescent-takaro,"index, follow | index, follow, max-image-preview:large",,True,2
https://teamtoner.co.nz/listings/10-te-kahu-lane-halcombe,308,https://www.teamtoner.co.nz/listings/10-te-kahu-lane-halcombe,200,https://www.teamtoner.co.nz/listings/10-te-kahu-lane-halcombe,"index, follow | index, follow, max-image-preview:large",,True,2
https://teamtoner.co.nz/listings/104-fitzroy-street-terrace-end,308,https://www.teamtoner.co.nz/listings/104-fitzroy-street-terrace-end,200,https://www.teamtoner.co.nz/listings/104-fitzroy-street-terrace-end,"index, follow | index, follow, max-image-preview:large",,True,2
https://teamtoner.co.nz/listings/105a-pahiatua-street-hokowhitu,308,https://www.teamtoner.co.nz/listings/105a-pahiatua-street-hokowhitu,200,https://www.teamtoner.co.nz/listings/105a-pahiatua-street-hokowhitu,"index, follow | index, follow, max-image-preview:large",,True,2
https://teamtoner.co.nz/listings/11-cleveland-heights-kelvin-grove,308,https://www.teamtoner.co.nz/listings/11-cleveland-heights-kelvin-grove,200,https://www.teamtoner.co.nz/listings/11-cleveland-heights-kelvin-grove,"index, follow | index, follow, max-image-preview:large",,True,2
https://teamtoner.co.nz/listings/11-grove-road-ashhurst,308,https://www.teamtoner.co.nz/listings/11-grove-road-ashhurst,200,https://www.teamtoner.co.nz/listings/11-grove-road-ashhurst,"index, follow | index, follow, max-image-preview:large",,True,2
https://teamtoner.co.nz/listings/11-leander-place-milson,308,https://www.teamtoner.co.nz/listings/11-leander-place-milson,200,https://www.teamtoner.co.nz/listings/11-leander-place-milson,"index, follow | index, follow, max-image-preview:large",,True,2
https://teamtoner.co.nz/listings/113-stanford-street-north-ashhurst,308,https://www.teamtoner.co.nz/listings/113-stanford-street-north-ashhurst,200,https://www.teamtoner.co.nz/listings/113-stanford-street-north-ashhurst,"index, follow | index, follow, max-image-preview:large",,True,2
https://teamtoner.co.nz/listings/114-tremaine-avenue-westbrook,308,https://www.teamtoner.co.nz/listings/114-tremaine-avenue-westbrook,200,https://www.teamtoner.co.nz/listings/114-tremaine-avenue-westbrook,"index, follow | index, follow, max-image-preview:large",,True,2
https://teamtoner.co.nz/listings/114a-stanford-street-ashhurst,308,https://www.teamtoner.co.nz/listings/114a-stanford-street-ashhurst,200,https://www.teamtoner.co.nz/listings/114a-stanford-street-ashhurst,"index, follow | index, follow, max-image-preview:large",,True,2
https://teamtoner.co.nz/listings/12-14-opie-place-highbury,308,https://www.teamtoner.co.nz/listings/12-14-opie-place-highbury,200,https://www.teamtoner.co.nz/listings/12-14-opie-place-highbury,"index, follow | index, follow, max-image-preview:large",,True,2
https://teamtoner.co.nz/listings/1226-tennent-drive-linton,308,https://www.teamtoner.co.nz/listings/1226-tennent-drive-linton,200,https://www.teamtoner.co.nz/listings/1226-tennent-drive-linton,"index, follow | index, follow, max-image-preview:large",,True,2
https://teamtoner.co.nz/listings/13-pearl-grove-ashhurst,308,https://www.teamtoner.co.nz/listings/13-pearl-grove-ashhurst,200,https://www.teamtoner.co.nz/listings/13-pearl-grove-ashhurst,"index, follow | index, follow, max-image-preview:large",,True,2
https://teamtoner.co.nz/listings/1354-rangitikei-line-newbury,308,https://www.teamtoner.co.nz/listings/1354-rangitikei-line-newbury,200,https://www.teamtoner.co.nz/listings/1354-rangitikei-line-newbury,"index, follow | index, follow, max-image-preview:large",,True,1
https://teamtoner.co.nz/listings/136b-amberley-avenue-highbury,308,https://www.teamtoner.co.nz/listings/136b-amberley-avenue-highbury,200,https://www.teamtoner.co.nz/listings/136b-amberley-avenue-highbury,"index, follow | index, follow, max-image-preview:large",,True,2
https://teamtoner.co.nz/listings/138a-amberley-avenue-highbury,308,https://www.teamtoner.co.nz/listings/138a-amberley-avenue-highbury,200,https://www.teamtoner.co.nz/listings/138a-amberley-avenue-highbury,"index, follow | index, follow, max-image-preview:large",,True,2
https://teamtoner.co.nz/listings/14-antrim-place-hokowhitu,308,https://www.teamtoner.co.nz/listings/14-antrim-place-hokowhitu,200,https://www.teamtoner.co.nz/listings/14-antrim-place-hokowhitu,"index, follow | index, follow, max-image-preview:large",,True,2
https://teamtoner.co.nz/listings/14-ferndale-place-feilding,308,https://www.teamtoner.co.nz/listings/14-ferndale-place-feilding,200,https://www.teamtoner.co.nz/listings/14-ferndale-place-feilding,"index, follow | index, follow, max-image-preview:large",,True,2
https://teamtoner.co.nz/listings/16-antrim-place-hokowhitu,308,https://www.teamtoner.co.nz/listings/16-antrim-place-hokowhitu,200,https://www.teamtoner.co.nz/listings/16-antrim-place-hokowhitu,"index, follow | index, follow, max-image-preview:large",,True,2
https://teamtoner.co.nz/listings/16-rosebank-avenue-kelvin-grove,308,https://www.teamtoner.co.nz/listings/16-rosebank-avenue-kelvin-grove,200,https://www.teamtoner.co.nz/listings/16-rosebank-avenue-kelvin-grove,"index, follow | index, follow, max-image-preview:large",,True,2
https://teamtoner.co.nz/listings/166-cambridge-avenue-ashhurst,308,https://www.teamtoner.co.nz/listings/166-cambridge-avenue-ashhurst,200,https://www.teamtoner.co.nz/listings/166-cambridge-avenue-ashhurst,"index, follow | index, follow, max-image-preview:large",,True,2
https://teamtoner.co.nz/listings/175-amberley-avenue-highbury,308,https://www.teamtoner.co.nz/listings/175-amberley-avenue-highbury,200,https://www.teamtoner.co.nz/listings/175-amberley-avenue-highbury,"index, follow | index, follow, max-image-preview:large",,True,2
https://teamtoner.co.nz/listings/18-mcgregor-street-milson,308,https://www.teamtoner.co.nz/listings/18-mcgregor-street-milson,200,https://www.teamtoner.co.nz/listings/18-mcgregor-street-milson,"index, follow | index, follow, max-image-preview:large",,True,2
https://teamtoner.co.nz/listings/18-monarch-drive-ashhurst-ashhurst,308,https://www.teamtoner.co.nz/listings/18-monarch-drive-ashhurst-ashhurst,200,https://www.teamtoner.co.nz/listings/18-monarch-drive-ashhurst-ashhurst,"index, follow | index, follow, max-image-preview:large",,True,2
https://teamtoner.co.nz/listings/18-truscott-grove-awapuni,308,https://www.teamtoner.co.nz/listings/18-truscott-grove-awapuni,200,https://www.teamtoner.co.nz/listings/18-truscott-grove-awapuni,"index, follow | index, follow, max-image-preview:large",,True,2
https://teamtoner.co.nz/listings/20-collingwood-street-hokowhitu,308,https://www.teamtoner.co.nz/listings/20-collingwood-street-hokowhitu,200,https://www.teamtoner.co.nz/listings/20-collingwood-street-hokowhitu,"index, follow | index, follow, max-image-preview:large",,True,2
https://teamtoner.co.nz/listings/20-monckton-street-feilding,308,https://www.teamtoner.co.nz/listings/20-monckton-street-feilding,200,https://www.teamtoner.co.nz/listings/20-monckton-street-feilding,"index, follow | index, follow, max-image-preview:large",,True,2
https://teamtoner.co.nz/listings/202-botanical-road-takaro,308,https://www.teamtoner.co.nz/listings/202-botanical-road-takaro,200,https://www.teamtoner.co.nz/listings/202-botanical-road-takaro,"index, follow | index, follow, max-image-preview:large",,True,2
https://teamtoner.co.nz/listings/20a-brightwater-terrace-terrace-end,308,https://www.teamtoner.co.nz/listings/20a-brightwater-terrace-terrace-end,200,https://www.teamtoner.co.nz/listings/20a-brightwater-terrace-terrace-end,"index, follow | index, follow, max-image-preview:large",,True,2
https://teamtoner.co.nz/listings/21-rothesay-place-highbury,308,https://www.teamtoner.co.nz/listings/21-rothesay-place-highbury,200,https://www.teamtoner.co.nz/listings/21-rothesay-place-highbury,"index, follow | index, follow, max-image-preview:large",,True,2
https://teamtoner.co.nz/listings/224-aranui-road-kairanga,308,https://www.teamtoner.co.nz/listings/224-aranui-road-kairanga,200,https://www.teamtoner.co.nz/listings/224-aranui-road-kairanga,"index, follow | index, follow, max-image-preview:large",,True,2
https://teamtoner.co.nz/listings/23-south-street-west-end,308,https://www.teamtoner.co.nz/listings/23-south-street-west-end,200,https://www.teamtoner.co.nz/listings/23-south-street-west-end,"index, follow | index, follow, max-image-preview:large",,True,2
https://teamtoner.co.nz/listings/24a-rata-street-roslyn,308,https://www.teamtoner.co.nz/listings/24a-rata-street-roslyn,200,https://www.teamtoner.co.nz/listings/24a-rata-street-roslyn,"index, follow | index, follow, max-image-preview:large",,True,2
https://teamtoner.co.nz/listings/25-vernon-avenue-takaro,308,https://www.teamtoner.co.nz/listings/25-vernon-avenue-takaro,200,https://www.teamtoner.co.nz/listings/25-vernon-avenue-takaro,"index, follow | index, follow, max-image-preview:large",,True,2
https://teamtoner.co.nz/listings/26-wilson-crescent-highbury,308,https://www.teamtoner.co.nz/listings/26-wilson-crescent-highbury,200,https://www.teamtoner.co.nz/listings/26-wilson-crescent-highbury,"index, follow | index, follow, max-image-preview:large",,True,2
https://teamtoner.co.nz/listings/263-cambridge-avenue-ashhurst,308,https://www.teamtoner.co.nz/listings/263-cambridge-avenue-ashhurst,200,https://www.teamtoner.co.nz/listings/263-cambridge-avenue-ashhurst,"index, follow | index, follow, max-image-preview:large",,True,2
https://teamtoner.co.nz/listings/27-balrickard-way-milson,308,https://www.teamtoner.co.nz/listings/27-balrickard-way-milson,200,https://www.teamtoner.co.nz/listings/27-balrickard-way-milson,"index, follow | index, follow, max-image-preview:large",,True,2
https://teamtoner.co.nz/listings/28-macdonald-heights-feilding,308,https://www.teamtoner.co.nz/listings/28-macdonald-heights-feilding,200,https://www.teamtoner.co.nz/listings/28-macdonald-heights-feilding,"index, follow | index, follow, max-image-preview:large",,True,2
https://teamtoner.co.nz/listings/28-monarch-drive-ashhurst,308,https://www.teamtoner.co.nz/listings/28-monarch-drive-ashhurst,200,https://www.teamtoner.co.nz/listings/28-monarch-drive-ashhurst,"index, follow | index, follow, max-image-preview:large",,True,2
https://teamtoner.co.nz/listings/2828-state-highway-1-sanson,308,https://www.teamtoner.co.nz/listings/2828-state-highway-1-sanson,200,https://www.teamtoner.co.nz/listings/2828-state-highway-1-sanson,"index, follow | index, follow, max-image-preview:large",,True,2
https://teamtoner.co.nz/listings/3-sutherland-crescent-westbrook,308,https://www.teamtoner.co.nz/listings/3-sutherland-crescent-westbrook,200,https://www.teamtoner.co.nz/listings/3-sutherland-crescent-westbrook,"index, follow | index, follow, max-image-preview:large",,True,2
https://teamtoner.co.nz/listings/30-monarch-drive-ashhurst,308,https://www.teamtoner.co.nz/listings/30-monarch-drive-ashhurst,200,https://www.teamtoner.co.nz/listings/30-monarch-drive-ashhurst,"index, follow | index, follow, max-image-preview:large",,True,2
https://teamtoner.co.nz/listings/33-ruahine-street-roslyn,308,https://www.teamtoner.co.nz/listings/33-ruahine-street-roslyn,200,https://www.teamtoner.co.nz/listings/33-ruahine-street-roslyn,"index, follow | index, follow, max-image-preview:large",,True,2
https://teamtoner.co.nz/listings/34-richmond-avenue-takaro,308,https://www.teamtoner.co.nz/listings/34-richmond-avenue-takaro,200,https://www.teamtoner.co.nz/listings/34-richmond-avenue-takaro,"index, follow | index, follow, max-image-preview:large",,True,2
https://teamtoner.co.nz/listings/36-church-street-awapuni,308,https://www.teamtoner.co.nz/listings/36-church-street-awapuni,200,https://www.teamtoner.co.nz/listings/36-church-street-awapuni,"index, follow | index, follow, max-image-preview:large",,True,2
https://teamtoner.co.nz/listings/36-gloucester-street-takaro,308,https://www.teamtoner.co.nz/listings/36-gloucester-street-takaro,200,https://www.teamtoner.co.nz/listings/36-gloucester-street-takaro,"index, follow | index, follow, max-image-preview:large",,True,2
https://teamtoner.co.nz/listings/371-tutaki-road-bunnythorpe,308,https://www.teamtoner.co.nz/listings/371-tutaki-road-bunnythorpe,200,https://www.teamtoner.co.nz/listings/371-tutaki-road-bunnythorpe,"index, follow | index, follow, max-image-preview:large",,True,2
https://teamtoner.co.nz/listings/37a-stafford-street-shannon,308,https://www.teamtoner.co.nz/listings/37a-stafford-street-shannon,200,https://www.teamtoner.co.nz/listings/37a-stafford-street-shannon,"index, follow | index, follow, max-image-preview:large",,True,2
https://teamtoner.co.nz/listings/38-stillwater-place-westbrook,308,https://www.teamtoner.co.nz/listings/38-stillwater-place-westbrook,200,https://www.teamtoner.co.nz/listings/38-stillwater-place-westbrook,"index, follow | index, follow, max-image-preview:large",,True,2
https://teamtoner.co.nz/listings/39-gloucester-street-takaro,308,https://www.teamtoner.co.nz/listings/39-gloucester-street-takaro,200,https://www.teamtoner.co.nz/listings/39-gloucester-street-takaro,"index, follow | index, follow, max-image-preview:large",,True,2
https://teamtoner.co.nz/listings/39-grove-road-ashhurst,308,https://www.teamtoner.co.nz/listings/39-grove-road-ashhurst,200,https://www.teamtoner.co.nz/listings/39-grove-road-ashhurst,"index, follow | index, follow, max-image-preview:large",,True,2
https://teamtoner.co.nz/listings/3b-duff-crescent-highbury,308,https://www.teamtoner.co.nz/listings/3b-duff-crescent-highbury,200,https://www.teamtoner.co.nz/listings/3b-duff-crescent-highbury,"index, follow | index, follow, max-image-preview:large",,True,2
https://teamtoner.co.nz/listings/404-tremaine-avenue-takaro,308,https://www.teamtoner.co.nz/listings/404-tremaine-avenue-takaro,200,https://www.teamtoner.co.nz/listings/404-tremaine-avenue-takaro,"index, follow | index, follow, max-image-preview:large",,True,2
https://teamtoner.co.nz/listings/43-norfolk-crescent-feilding,308,https://www.teamtoner.co.nz/listings/43-norfolk-crescent-feilding,200,https://www.teamtoner.co.nz/listings/43-norfolk-crescent-feilding,"index, follow | index, follow, max-image-preview:large",,True,2
https://teamtoner.co.nz/listings/44-haydon-street-roslyn,308,https://www.teamtoner.co.nz/listings/44-haydon-street-roslyn,200,https://www.teamtoner.co.nz/listings/44-haydon-street-roslyn,"index, follow | index, follow, max-image-preview:large",,True,2
https://teamtoner.co.nz/listings/440-ruahine-street-terrace-end,308,https://www.teamtoner.co.nz/listings/440-ruahine-street-terrace-end,200,https://www.teamtoner.co.nz/listings/440-ruahine-street-terrace-end,"index, follow | index, follow, max-image-preview:large",,True,2
https://teamtoner.co.nz/listings/47-geneva-terrace-kelvin-grove,308,https://www.teamtoner.co.nz/listings/47-geneva-terrace-kelvin-grove,200,https://www.teamtoner.co.nz/listings/47-geneva-terrace-kelvin-grove,"index, follow | index, follow, max-image-preview:large",,True,2
https://teamtoner.co.nz/listings/47-totara-road-awapuni,308,https://www.teamtoner.co.nz/listings/47-totara-road-awapuni,200,https://www.teamtoner.co.nz/listings/47-totara-road-awapuni,"index, follow | index, follow, max-image-preview:large",,True,2
https://teamtoner.co.nz/listings/5-rosebank-avenue-kelvin-grove,308,https://www.teamtoner.co.nz/listings/5-rosebank-avenue-kelvin-grove,200,https://www.teamtoner.co.nz/listings/5-rosebank-avenue-kelvin-grove,"index, follow | index, follow, max-image-preview:large",,True,2
https://teamtoner.co.nz/listings/5-sheffield-street-awapuni,308,https://www.teamtoner.co.nz/listings/5-sheffield-street-awapuni,200,https://www.teamtoner.co.nz/listings/5-sheffield-street-awapuni,"index, follow | index, follow, max-image-preview:large",,True,2
https://teamtoner.co.nz/listings/51a-manawatu-street-hokowhitu,308,https://www.teamtoner.co.nz/listings/51a-manawatu-street-hokowhitu,200,https://www.teamtoner.co.nz/listings/51a-manawatu-street-hokowhitu,"index, follow | index, follow, max-image-preview:large",,True,1
https://teamtoner.co.nz/listings/52-bamfield-street-ashhurst,308,https://www.teamtoner.co.nz/listings/52-bamfield-street-ashhurst,200,https://www.teamtoner.co.nz/listings/52-bamfield-street-ashhurst,"index, follow | index, follow, max-image-preview:large",,True,2
https://teamtoner.co.nz/listings/52-tennyson-avenue-kelvin-grove,308,https://www.teamtoner.co.nz/listings/52-tennyson-avenue-kelvin-grove,200,https://www.teamtoner.co.nz/listings/52-tennyson-avenue-kelvin-grove,"index, follow | index, follow, max-image-preview:large",,True,2
https://teamtoner.co.nz/listings/58-bryant-street-takaro,308,https://www.teamtoner.co.nz/listings/58-bryant-street-takaro,200,https://www.teamtoner.co.nz/listings/58-bryant-street-takaro,"index, follow | index, follow, max-image-preview:large",,True,2
https://teamtoner.co.nz/listings/6-dundas-road-sanson,308,https://www.teamtoner.co.nz/listings/6-dundas-road-sanson,200,https://www.teamtoner.co.nz/listings/6-dundas-road-sanson,"index, follow | index, follow, max-image-preview:large",,True,2
https://teamtoner.co.nz/listings/61-apollo-parade-milson,308,https://www.teamtoner.co.nz/listings/61-apollo-parade-milson,200,https://www.teamtoner.co.nz/listings/61-apollo-parade-milson,"index, follow | index, follow, max-image-preview:large",,True,2
https://teamtoner.co.nz/listings/65-park-road-west-end,308,https://www.teamtoner.co.nz/listings/65-park-road-west-end,200,https://www.teamtoner.co.nz/listings/65-park-road-west-end,"index, follow | index, follow, max-image-preview:large",,True,2
https://teamtoner.co.nz/listings/66-salisbury-street-ashhurst,308,https://www.teamtoner.co.nz/listings/66-salisbury-street-ashhurst,200,https://www.teamtoner.co.nz/listings/66-salisbury-street-ashhurst,"index, follow | index, follow, max-image-preview:large",,True,2
https://teamtoner.co.nz/listings/68-seddon-street-takaro,308,https://www.teamtoner.co.nz/listings/68-seddon-street-takaro,200,https://www.teamtoner.co.nz/listings/68-seddon-street-takaro,"index, follow | index, follow, max-image-preview:large",,True,2
https://teamtoner.co.nz/listings/7-brodie-lane-feilding,308,https://www.teamtoner.co.nz/listings/7-brodie-lane-feilding,200,https://www.teamtoner.co.nz/listings/7-brodie-lane-feilding,"index, follow | index, follow, max-image-preview:large",,True,2
https://teamtoner.co.nz/listings/7-diamond-court-ashhurst,308,https://www.teamtoner.co.nz/listings/7-diamond-court-ashhurst,200,https://www.teamtoner.co.nz/listings/7-diamond-court-ashhurst,"index, follow | index, follow, max-image-preview:large",,True,2
https://teamtoner.co.nz/listings/7-hill-court-awapuni,308,https://www.teamtoner.co.nz/listings/7-hill-court-awapuni,200,https://www.teamtoner.co.nz/listings/7-hill-court-awapuni,"index, follow | index, follow, max-image-preview:large",,True,2
https://teamtoner.co.nz/listings/71-ruapehu-drive-fitzherbert,308,https://www.teamtoner.co.nz/listings/71-ruapehu-drive-fitzherbert,200,https://www.teamtoner.co.nz/listings/71-ruapehu-drive-fitzherbert,"index, follow | index, follow, max-image-preview:large",,True,2
https://teamtoner.co.nz/listings/77-sedcole-street-pahiatua,308,https://www.teamtoner.co.nz/listings/77-sedcole-street-pahiatua,200,https://www.teamtoner.co.nz/listings/77-sedcole-street-pahiatua,"index, follow | index, follow, max-image-preview:large",,True,2
https://teamtoner.co.nz/listings/79-worcester-street-ashhurst,308,https://www.teamtoner.co.nz/listings/79-worcester-street-ashhurst,200,https://www.teamtoner.co.nz/listings/79-worcester-street-ashhurst,"index, follow | index, follow, max-image-preview:large",,True,2
https://teamtoner.co.nz/listings/7a-wigan-place-hokowhitu,308,https://www.teamtoner.co.nz/listings/7a-wigan-place-hokowhitu,200,https://www.teamtoner.co.nz/listings/7a-wigan-place-hokowhitu,"index, follow | index, follow, max-image-preview:large",,True,2
https://teamtoner.co.nz/listings/8-fountain-court-hokowhitu,308,https://www.teamtoner.co.nz/listings/8-fountain-court-hokowhitu,200,https://www.teamtoner.co.nz/listings/8-fountain-court-hokowhitu,"index, follow | index, follow, max-image-preview:large",,True,2
https://teamtoner.co.nz/listings/8-pascal-street-city-centre,308,https://www.teamtoner.co.nz/listings/8-pascal-street-city-centre,200,https://www.teamtoner.co.nz/listings/8-pascal-street-city-centre,"index, follow | index, follow, max-image-preview:large",,True,2
https://teamtoner.co.nz/listings/9-cousins-avenue-east-foxton-beach,308,https://www.teamtoner.co.nz/listings/9-cousins-avenue-east-foxton-beach,200,https://www.teamtoner.co.nz/listings/9-cousins-avenue-east-foxton-beach,"index, follow | index, follow, max-image-preview:large",,True,2
https://teamtoner.co.nz/listings/9-hewitts-road-linton,308,https://www.teamtoner.co.nz/listings/9-hewitts-road-linton,200,https://www.teamtoner.co.nz/listings/9-hewitts-road-linton,"index, follow | index, follow, max-image-preview:large",,True,2
https://teamtoner.co.nz/listings/9-ongley-street-feilding,308,https://www.teamtoner.co.nz/listings/9-ongley-street-feilding,200,https://www.teamtoner.co.nz/listings/9-ongley-street-feilding,"index, follow | index, follow, max-image-preview:large",,True,2
https://teamtoner.co.nz/listings/90-tane-road-tokomaru,308,https://www.teamtoner.co.nz/listings/90-tane-road-tokomaru,200,https://www.teamtoner.co.nz/listings/90-tane-road-tokomaru,"index, follow | index, follow, max-image-preview:large",,True,2
https://teamtoner.co.nz/privacy,308,https://www.teamtoner.co.nz/privacy,200,https://www.teamtoner.co.nz/privacy,"index, follow | index, follow, max-image-preview:large",,True,1
https://teamtoner.co.nz/resources,308,https://www.teamtoner.co.nz/resources,200,https://www.teamtoner.co.nz/resources,"index, follow | index, follow, max-image-preview:large",,True,1
https://teamtoner.co.nz/resources/methods-of-sale,308,https://www.teamtoner.co.nz/resources/methods-of-sale,200,https://www.teamtoner.co.nz/resources/methods-of-sale,"index, follow | index, follow, max-image-preview:large",,True,2
https://teamtoner.co.nz/resources/seller-success-guide,308,https://www.teamtoner.co.nz/resources/seller-success-guide,200,https://www.teamtoner.co.nz/resources/seller-success-guide,"index, follow | index, follow, max-image-preview:large",,True,2
https://teamtoner.co.nz/sell,308,https://www.teamtoner.co.nz/sell,200,https://www.teamtoner.co.nz/sell,"index, follow | index, follow, max-image-preview:large",,True,1
https://teamtoner.co.nz/sold,308,https://www.teamtoner.co.nz/sold,200,https://www.teamtoner.co.nz/sold,"index, follow | index, follow, max-image-preview:large",,True,1
https://teamtoner.co.nz/suburbs,308,https://www.teamtoner.co.nz/suburbs,200,https://www.teamtoner.co.nz/suburbs,"index, follow | index, follow, max-image-preview:large",,True,1
https://teamtoner.co.nz/suburbs/ashhurst,308,https://www.teamtoner.co.nz/suburbs/ashhurst,200,https://www.teamtoner.co.nz/suburbs/ashhurst,"index, follow | index, follow, max-image-preview:large",,True,1
https://teamtoner.co.nz/suburbs/awapuni,308,https://www.teamtoner.co.nz/suburbs/awapuni,200,https://www.teamtoner.co.nz/suburbs/awapuni,"index, follow | index, follow, max-image-preview:large",,True,1
https://teamtoner.co.nz/suburbs/bunnythorpe,308,https://www.teamtoner.co.nz/suburbs/bunnythorpe,200,https://www.teamtoner.co.nz/suburbs/bunnythorpe,"index, follow | index, follow, max-image-preview:large",,True,1
https://teamtoner.co.nz/suburbs/feilding,308,https://www.teamtoner.co.nz/suburbs/feilding,200,https://www.teamtoner.co.nz/suburbs/feilding,"index, follow | index, follow, max-image-preview:large",,True,1
https://teamtoner.co.nz/suburbs/foxton-beach,308,https://www.teamtoner.co.nz/suburbs/foxton-beach,200,https://www.teamtoner.co.nz/suburbs/foxton-beach,"index, follow | index, follow, max-image-preview:large",,True,1
https://teamtoner.co.nz/suburbs/halcombe,308,https://www.teamtoner.co.nz/suburbs/halcombe,200,https://www.teamtoner.co.nz/suburbs/halcombe,"index, follow | index, follow, max-image-preview:large",,True,1
https://teamtoner.co.nz/suburbs/highbury,308,https://www.teamtoner.co.nz/suburbs/highbury,200,https://www.teamtoner.co.nz/suburbs/highbury,"index, follow | index, follow, max-image-preview:large",,True,1
https://teamtoner.co.nz/suburbs/hokowhitu,308,https://www.teamtoner.co.nz/suburbs/hokowhitu,200,https://www.teamtoner.co.nz/suburbs/hokowhitu,"index, follow | index, follow, max-image-preview:large",,True,1
https://teamtoner.co.nz/suburbs/kelvin-grove,308,https://www.teamtoner.co.nz/suburbs/kelvin-grove,200,https://www.teamtoner.co.nz/suburbs/kelvin-grove,"index, follow | index, follow, max-image-preview:large",,True,1
https://teamtoner.co.nz/suburbs/linton,308,https://www.teamtoner.co.nz/suburbs/linton,200,https://www.teamtoner.co.nz/suburbs/linton,"index, follow | index, follow, max-image-preview:large",,True,1
https://teamtoner.co.nz/suburbs/manawatu,308,https://www.teamtoner.co.nz/suburbs/manawatu,200,https://www.teamtoner.co.nz/suburbs/manawatu,"index, follow | index, follow, max-image-preview:large",,True,1
https://teamtoner.co.nz/suburbs/milson,308,https://www.teamtoner.co.nz/suburbs/milson,200,https://www.teamtoner.co.nz/suburbs/milson,"index, follow | index, follow, max-image-preview:large",,True,1
https://teamtoner.co.nz/suburbs/palmerston-north,308,https://www.teamtoner.co.nz/suburbs/palmerston-north,200,https://www.teamtoner.co.nz/suburbs/palmerston-north,"index, follow | index, follow, max-image-preview:large",,True,1
https://teamtoner.co.nz/suburbs/roslyn,308,https://www.teamtoner.co.nz/suburbs/roslyn,200,https://www.teamtoner.co.nz/suburbs/roslyn,"index, follow | index, follow, max-image-preview:large",,True,1
https://teamtoner.co.nz/suburbs/sanson,308,https://www.teamtoner.co.nz/suburbs/sanson,200,https://www.teamtoner.co.nz/suburbs/sanson,"index, follow | index, follow, max-image-preview:large",,True,1
https://teamtoner.co.nz/suburbs/summerhill,308,https://www.teamtoner.co.nz/suburbs/summerhill,200,https://www.teamtoner.co.nz/suburbs/summerhill,"index, follow | index, follow, max-image-preview:large",,True,1
https://teamtoner.co.nz/suburbs/takaro,308,https://www.teamtoner.co.nz/suburbs/takaro,200,https://www.teamtoner.co.nz/suburbs/takaro,"index, follow | index, follow, max-image-preview:large",,True,1
https://teamtoner.co.nz/suburbs/terrace-end,308,https://www.teamtoner.co.nz/suburbs/terrace-end,200,https://www.teamtoner.co.nz/suburbs/terrace-end,"index, follow | index, follow, max-image-preview:large",,True,1
https://teamtoner.co.nz/suburbs/tokomaru,308,https://www.teamtoner.co.nz/suburbs/tokomaru,200,https://www.teamtoner.co.nz/suburbs/tokomaru,"index, follow | index, follow, max-image-preview:large",,True,1
https://teamtoner.co.nz/suburbs/west-end,308,https://www.teamtoner.co.nz/suburbs/west-end,200,https://www.teamtoner.co.nz/suburbs/west-end,"index, follow | index, follow, max-image-preview:large",,True,1
https://teamtoner.co.nz/suburbs/westbrook,308,https://www.teamtoner.co.nz/suburbs/westbrook,200,https://www.teamtoner.co.nz/suburbs/westbrook,"index, follow | index, follow, max-image-preview:large",,True,1
https://teamtoner.co.nz/terms,308,https://www.teamtoner.co.nz/terms,200,https://www.teamtoner.co.nz/terms,"index, follow | index, follow, max-image-preview:large",,True,1
